Título;Precio;Enlace;Descuento
Consola Ps4 Slim De 1tb. Nueva Y Sellada. Garantía 1 Año;$ 2.099.900;https://click1.mercadolibre.com.co/mclics/clicks/external/MCO/count?a=bOzZRXf%2BApZFLQdf4EbX0DiUkWopgSUF81XTGpHtv76U9vGuFTR06pw8FLo%2BYUMXYbDaU7N7WEamerNEAI116c%2BFRPKrSS8Ijhe4TkpMBkwWlB5CRZVZO4EanvnUjf9qZ8uC5lCp%2Fenr%2FXsZAGXIVGzE%2BfbVsRbGY3XdYTI0h3kQbE5VtSxyTDCrBd1J6WNoyFQS2FIqyr7PE6gNK%2FCLih7eJXh2S283mr58eQ0JzkvEjAlXd2DVZ5k%2BHNRpOLKKmlHFjdfOsNV365TNAFdxdw5mX%2BySC3%2B6EY2C4%2FsJX0JNZOQq9jjknN7rRF0V0zcLSe%2BI9GVUTAGuVqmEE1HQFCjMQxLZsf1X2LH%2FFwDonLGmAB8JQIMUpSsIPulxPDfwPEAIZrgop%2Fj76YbMU3CN1q3Iw0OR5A47QM5TTIJTfYY7R8Q7WA%2BoFH7QPFaxS%2BiE98Bv0jdNukm8cVbl6HAMKmYRN4Kg5MtJacXnzh8FydALtKFLmviN2C0WEx8AjM8qmNK1l9xJX5b3YwQLIgSPKAzWlPkKo2FMgxYtvu3Wi9GdRRV%2F%2BFeeqPkD9BrWBR8vHiOwXYJHFiGtEQqTVEar6p2JH%2BiHSZmEhgCy7emAQcLKoAI4TTR50lpHxKDw4hrq2lkmCYSUgA4SY1Wdwis1KZx9QM8ezqOyT%2BsEp%2Bm70uO8x%2F1v40XX8Vi1Nh3cNQ%3D%3D&rb=x#polycard_client=search-nordic&tracking_id=374e920e-9396-4015-a196-6e3446bc593e;descuento no encontrado
Consola Ps4 Slim 500gb + 2 Controles. Nueva. Sellada;$ 2.899.900;https://click1.mercadolibre.com.co/mclics/clicks/external/MCO/count?a=z9Y2KBN%2BdaHZZ6bPTgdZlEnHy6Xm3YzVOZXXipP%2BfyL%2FmeP2gAiMcVSrUaNMbtTM%2FqDJjvVCIgmlGQ84YkaqwozXUiv5GtN8eT%2BjjhBV0tznu4%2FJXLnXcuYnw6AiAEJw9qlTcoJEcR0ptqnFR0QGnydLnJw3QpRn4nbvLAcPhw1kmQvsGB%2FIOXMeLHfyPHCWLa88lKf4w80wjbUzWWBcgA%2FcKCQbwQZfjTCpITEO%2BhIe7njDQ9fTiaEvGscB1T4YlRXAkbY6FWyJAgip81oiUaNOw3P06VQ61%2Bc7p2nMPw0BylSQ%2FJrPK3MtRkgTSyaS%2Fp8NCHnIGM0ZEvbHVyfiOWw6zwsVSdjdxv%2FLppV9th61K0A2Xp9mJlrtL9KCoLtS7wCfmvzYCRftN84cj7AZjYJS72RozQczURkIiKQe6KwUXshXVd4uUAKVFmKp5lq0TJW1%2FqqJOTZ1MU3YgTGODhc3IRHOhiHTC8rcT0RRpL86wRdFv05K0H771R3U8JxQLiVNYjmodyz7ECkiPmgh08ZMY8UST6utqphXOLBpAocgjev8tR9KficEDRX8KexFY3%2BCpg%2BOASfotJViOm%2FqKpVUz8H44oP2gNlHMEiTB%2BDJRqacrWAGS9kHUgvWWmvl6ee5fgQJD%2F06MAzS1kxzzYZ6ACChH%2BzRPZF%2FUKLgGFSmxsPYLpH7CA%3D%3D&rb=x#polycard_client=search-nordic&tracking_id=374e920e-9396-4015-a196-6e3446bc593e;descuento no encontrado
Consola de 32GB + Mario Kart 8 Deluxe Multicolor Nintendo Switch;$ 1.347.630;https://www.mercadolibre.com.co/consola-de-32gb-mario-kart-8-deluxe-multicolor-nintendo-switch/p/MCO27870141#polycard_client=search-nordic&searchVariation=MCO27870141&position=4&search_layout=stack&type=product&tracking_id=374e920e-9396-4015-a196-6e3446bc593e&wid=MCO1448867665&sid=search;15% OFF
Consola Playstation 5 Slim Disco Spiderman - Ps5 1 Control Color Blanco;$ 2.696.900;https://www.mercadolibre.com.co/consola-playstation-5-slim-disco-spiderman-ps5-1-control-color-blanco/p/MCO28295979#polycard_client=search-nordic&searchVariation=MCO28295979&position=5&search_layout=stack&type=product&tracking_id=374e920e-9396-4015-a196-6e3446bc593e&wid=MCO2054447202&sid=search;51% OFF
Psp Portátil Mp5 Video Juego Inalambrico Joystick 64gb M17 Color Gris;$ 189.900;https://www.mercadolibre.com.co/psp-portatil-mp5-video-juego-inalambrico-joystick-64gb-m17-color-gris/p/MCO29475325#polycard_client=search-nordic&searchVariation=MCO29475325&position=6&search_layout=stack&type=product&tracking_id=374e920e-9396-4015-a196-6e3446bc593e&wid=MCO1510814403&sid=search;descuento no encontrado
Ps4 500gb Spiderman + Control Consola Playstation;$ 1.475.180;https://articulo.mercadolibre.com.co/MCO-504051337-ps4-500gb-spiderman-control-consola-playstation-_JM#polycard_client=search-nordic&position=9&search_layout=stack&type=item&tracking_id=374e920e-9396-4015-a196-6e3446bc593e;18% OFF
Sony PlayStation 4 Slim 1TB Mega Pack: Marvel's Spider-Man/Horizon Zero Dawn Complete Edition/Ratchet & Clank  color negro azabache 1;$ 2.420.000;https://www.mercadolibre.com.co/sony-playstation-4-slim-1tb-mega-pack-marvels-spider-manhorizon-zero-dawn-complete-editionratchet-clank-color-negro-azabache-1/p/MCO16261616#polycard_client=search-nordic&searchVariation=MCO16261616&position=7&search_layout=stack&type=product&tracking_id=374e920e-9396-4015-a196-6e3446bc593e&wid=MCO652202090&sid=search;descuento no encontrado
Sony PlayStation 4 Slim CUH-2215A 1TB Standard  color negro azabache 2016;$ 1.500.000;https://www.mercadolibre.com.co/sony-playstation-4-slim-cuh-2215a-1tb-standard-color-negro-azabache-2016/p/MCO10813733#polycard_client=search-nordic&searchVariation=MCO10813733&position=8&search_layout=stack&type=product&tracking_id=374e920e-9396-4015-a196-6e3446bc593e&wid=MCO1584573606&sid=search;descuento no encontrado
Sony PlayStation 4 Slim CUH-2215A 500GB Standard  color negro azabache 2016;$ 1.539.710;https://www.mercadolibre.com.co/sony-playstation-4-slim-cuh-2215a-500gb-standard-color-negro-azabache-2016/p/MCO10813731#polycard_client=search-nordic&searchVariation=MCO10813731&position=3&search_layout=stack&type=product&tracking_id=374e920e-9396-4015-a196-6e3446bc593e&wid=MCO1329184379&sid=search;21% OFF
Playstation 4 Slim 1tb R De Fabrica Caja Azul;$ 1.315.990;https://articulo.mercadolibre.com.co/MCO-1419325557-playstation-4-slim-1tb-r-de-fabrica-caja-azul-_JM#polycard_client=search-nordic&position=10&search_layout=stack&type=item&tracking_id=374e920e-9396-4015-a196-6e3446bc593e;descuento no encontrado
Consola Ps4 Slim De 1tb. Nueva Y Sellada. Garantía 1 Año;$ 2.099.900;https://articulo.mercadolibre.com.co/MCO-446700219-consola-ps4-slim-de-1tb-nueva-y-sellada-garantia-1-ano-_JM#polycard_client=search-nordic&position=11&search_layout=stack&type=item&tracking_id=374e920e-9396-4015-a196-6e3446bc593e;descuento no encontrado
Sony Playstation 4 Slim R De Fabrica ;$ 1.199.990;https://articulo.mercadolibre.com.co/MCO-1335897343-sony-playstation-4-slim-r-de-fabrica-garantia-caja-sellada-_JM#polycard_client=search-nordic&position=12&search_layout=stack&type=item&tracking_id=374e920e-9396-4015-a196-6e3446bc593e;descuento no encontrado
Superbeat: Xonic - Playstation 4;$ 192.714;https://articulo.mercadolibre.com.co/MCO-1356810291-superbeat-xonic-playstation-4-_JM#polycard_client=search-nordic&position=13&search_layout=stack&type=item&tracking_id=374e920e-9396-4015-a196-6e3446bc593e;descuento no encontrado
Sony Playstation 4 Slim 1tb Bundle + 2 Controles + Fc2024.;$ 1.450.999;https://articulo.mercadolibre.com.co/MCO-2167406228-sony-playstation-4-slim-1tb-bundle-2-controles-fc2024-_JM#polycard_client=search-nordic&position=14&search_layout=stack&type=item&tracking_id=374e920e-9396-4015-a196-6e3446bc593e;descuento no encontrado
Videojuego Playstation 4 Horizon Forbidden West Standard;$ 349.575;https://articulo.mercadolibre.com.co/MCO-1475154831-videojuego-playstation-4-horizon-forbidden-west-standard-_JM#polycard_client=search-nordic&position=15&search_layout=stack&type=item&tracking_id=374e920e-9396-4015-a196-6e3446bc593e;descuento no encontrado
Sony Playstation 4 Slim 1tb Standard Color  Negro Azabache;$ 1.899.000;https://articulo.mercadolibre.com.co/MCO-1443115902-sony-playstation-4-slim-1tb-standard-color-negro-azabache-_JM#polycard_client=search-nordic&position=16&search_layout=stack&type=item&tracking_id=374e920e-9396-4015-a196-6e3446bc593e;descuento no encontrado
Sony Playstation 4 1tb;$ 1.850.000;https://articulo.mercadolibre.com.co/MCO-2357625962-sony-playstation-4-1tb-_JM#polycard_client=search-nordic&position=17&search_layout=stack&type=item&tracking_id=374e920e-9396-4015-a196-6e3446bc593e;descuento no encontrado
Playstation 4 Fifa 20 - Versión Estándar;$ 286.831;https://articulo.mercadolibre.com.co/MCO-1562885466-playstation-4-fifa-20-version-estandar-_JM#polycard_client=search-nordic&position=18&search_layout=stack&type=item&tracking_id=374e920e-9396-4015-a196-6e3446bc593e;descuento no encontrado
Consola Sony Playstation 4 Slim 1 Tb Ps4 Play 4. Un Control;$ 1.460.000;https://articulo.mercadolibre.com.co/MCO-2184923440-consola-sony-playstation-4-slim-1-tb-ps4-play-4-un-control-_JM#polycard_client=search-nordic&position=19&search_layout=stack&type=item&tracking_id=374e920e-9396-4015-a196-6e3446bc593e;descuento no encontrado
Videojuego Playstation 4 Gran Turismo Sport Hits;$ 233.050;https://articulo.mercadolibre.com.co/MCO-1475270537-videojuego-playstation-4-gran-turismo-sport-hits-_JM#polycard_client=search-nordic&position=20&search_layout=stack&type=item&tracking_id=374e920e-9396-4015-a196-6e3446bc593e;descuento no encontrado
Sony Playstation Ps4 Slim 500gb+ 2controles Reacondicinado;$ 1.444.000;https://articulo.mercadolibre.com.co/MCO-2266219890-sony-playstation-ps4-slim-500gb-2controles-reacondicinado-_JM#polycard_client=search-nordic&position=21&search_layout=stack&type=item&tracking_id=374e920e-9396-4015-a196-6e3446bc593e;descuento no encontrado
Ps4 + 3 Juegos;$ 3.600.000;https://articulo.mercadolibre.com.co/MCO-559168480-ps4-3-juegos-_JM#polycard_client=search-nordic&position=22&search_layout=stack&type=item&tracking_id=374e920e-9396-4015-a196-6e3446bc593e;descuento no encontrado
Maletín Para Consola Playstation 4 Slim;$ 120.000;https://articulo.mercadolibre.com.co/MCO-1288696336-maletin-para-consola-playstation-4-slim-_JM#polycard_client=search-nordic&position=23&search_layout=stack&type=item&tracking_id=374e920e-9396-4015-a196-6e3446bc593e;descuento no encontrado
Sony Playstation 4 Slim 1tb 2 Controles.;$ 1.400.000;https://articulo.mercadolibre.com.co/MCO-1407817077-sony-playstation-4-slim-1tb-2-controles-_JM#polycard_client=search-nordic&position=24&search_layout=stack&type=item&tracking_id=374e920e-9396-4015-a196-6e3446bc593e;descuento no encontrado
Play Station 4 Disco Estado Sólido 1 Tera;$ 1.100.000;https://articulo.mercadolibre.com.co/MCO-1504832099-play-station-4-disco-estado-solido-1-tera-_JM#polycard_client=search-nordic&position=25&search_layout=stack&type=item&tracking_id=374e920e-9396-4015-a196-6e3446bc593e;descuento no encontrado
Videojuego Playstation 4 Gran Turismo Sport Hits;$ 233.050;https://articulo.mercadolibre.com.co/MCO-2648140654-videojuego-playstation-4-gran-turismo-sport-hits-_JM#polycard_client=search-nordic&position=26&search_layout=stack&type=item&tracking_id=374e920e-9396-4015-a196-6e3446bc593e;descuento no encontrado
Consola Sony Playstation 4 Slim De 1 Tb Color Negro;$ 1.599.900;https://articulo.mercadolibre.com.co/MCO-1486001051-consola-sony-playstation-4-slim-de-1-tb-color-negro-_JM#polycard_client=search-nordic&position=27&search_layout=stack&type=item&tracking_id=374e920e-9396-4015-a196-6e3446bc593e;descuento no encontrado
Playstation 4 Slim 1tb Colección God Of War Completa;$ 1.799.990;https://articulo.mercadolibre.com.co/MCO-2342599620-playstation-4-slim-1tb-coleccion-god-of-war-completa-_JM#polycard_client=search-nordic&position=28&search_layout=stack&type=item&tracking_id=374e920e-9396-4015-a196-6e3446bc593e;descuento no encontrado
Sony Playstation 4 Slim 1tb Extra Dualshock 4 Controller;$ 1.500.000;https://articulo.mercadolibre.com.co/MCO-1426760689-sony-playstation-4-slim-1tb-extra-dualshock-4-controller-_JM#polycard_client=search-nordic&position=29&search_layout=stack&type=item&tracking_id=374e920e-9396-4015-a196-6e3446bc593e;descuento no encontrado
Ps4 Slim God Of War Nueva Sellada Juegos;$ 2.180.900;https://articulo.mercadolibre.com.co/MCO-2200293188-ps4-slim-god-of-war-nueva-sellada-juegos-_JM#polycard_client=search-nordic&position=30&search_layout=stack&type=item&tracking_id=374e920e-9396-4015-a196-6e3446bc593e;descuento no encontrado
Para Ps4 Pro Dvd Drive Unidad Óptica Para Ps4 Pro Cuh7015a;$ 217.767;https://articulo.mercadolibre.com.co/MCO-1375568671-para-ps4-pro-dvd-drive-unidad-optica-para-ps4-pro-cuh7015a-_JM#polycard_client=search-nordic&position=31&search_layout=stack&type=item&tracking_id=374e920e-9396-4015-a196-6e3446bc593e;3% OFF
Soporte De Mando De Juego Duradero Para Ps4/ps5/xbox One/swi;$ 101.914;https://articulo.mercadolibre.com.co/MCO-1440217899-soporte-de-mando-de-juego-duradero-para-ps4ps5xbox-oneswi-_JM#polycard_client=search-nordic&position=32&search_layout=stack&type=item&tracking_id=374e920e-9396-4015-a196-6e3446bc593e;descuento no encontrado
Para Ps4 Pro Dvd Drive Unidad Óptica Para Ps4 Pro Cuh7015a;$ 224.535;https://articulo.mercadolibre.com.co/MCO-1375593313-para-ps4-pro-dvd-drive-unidad-optica-para-ps4-pro-cuh7015a-_JM#polycard_client=search-nordic&position=33&search_layout=stack&type=item&tracking_id=374e920e-9396-4015-a196-6e3446bc593e;descuento no encontrado
Soporte De Mando De Juego Duradero Para Ps4/ps5/xbox One/swi;$ 77.892;https://articulo.mercadolibre.com.co/MCO-1440127867-soporte-de-mando-de-juego-duradero-para-ps4ps5xbox-oneswi-_JM#polycard_client=search-nordic&position=34&search_layout=stack&type=item&tracking_id=374e920e-9396-4015-a196-6e3446bc593e;descuento no encontrado
14 En Un Extraíble Thumb Stick Para Playstation4 One;$ 73.993;https://articulo.mercadolibre.com.co/MCO-2509617108-14-en-un-extraible-thumb-stick-para-playstation4-one-_JM#polycard_client=search-nordic&position=35&search_layout=stack&type=item&tracking_id=374e920e-9396-4015-a196-6e3446bc593e;descuento no encontrado
Lente Láser Óptica Con Reemplazo De Cubierta Para Sony Ps4;$ 133.466;https://articulo.mercadolibre.com.co/MCO-1376325765-lente-laser-optica-con-reemplazo-de-cubierta-para-sony-ps4-_JM#polycard_client=search-nordic&position=36&search_layout=stack&type=item&tracking_id=374e920e-9396-4015-a196-6e3446bc593e;descuento no encontrado
El Playstation 4 Mega Pack Grand Theft Auto V;$ 2.015.850;https://articulo.mercadolibre.com.co/MCO-573175776-el-playstation-4-mega-pack-grand-theft-auto-v-_JM#polycard_client=search-nordic&position=37&search_layout=stack&type=item&tracking_id=374e920e-9396-4015-a196-6e3446bc593e;descuento no encontrado
Gamepad De Vibración Inalámbrico Para Playstation 4 Detroit;$ 182.944;https://articulo.mercadolibre.com.co/MCO-2169663522-gamepad-de-vibracion-inalambrico-para-playstation-4-detroit-_JM#polycard_client=search-nordic&position=38&search_layout=stack&type=item&tracking_id=374e920e-9396-4015-a196-6e3446bc593e;descuento no encontrado
Gamepad De Vibración Inalámbrico Para Playstation 4 Detroit;$ 246.226;https://articulo.mercadolibre.com.co/MCO-2169416512-gamepad-de-vibracion-inalambrico-para-playstation-4-detroit-_JM#polycard_client=search-nordic&position=39&search_layout=stack&type=item&tracking_id=374e920e-9396-4015-a196-6e3446bc593e;descuento no encontrado
Consola Playstation 4 Slim 1 Tb Reacondicionada;$ 1.000.000;https://articulo.mercadolibre.com.co/MCO-2713817664-consola-playstation-4-slim-1-tb-reacondicionada-_JM#polycard_client=search-nordic&position=40&search_layout=stack&type=item&tracking_id=374e920e-9396-4015-a196-6e3446bc593e;descuento no encontrado
Sony Playstation 4 Slim 500gb + 2mandos + Gta5.;$ 1.350.000;https://articulo.mercadolibre.com.co/MCO-1398595893-sony-playstation-4-slim-500gb-2mandos-gta5-_JM#polycard_client=search-nordic&position=41&search_layout=stack&type=item&tracking_id=374e920e-9396-4015-a196-6e3446bc593e;descuento no encontrado
Consola Ps4 Slim 500gb + 2 Controles. Nueva. Sellada;$ 2.899.900;https://articulo.mercadolibre.com.co/MCO-454206977-consola-ps4-slim-500gb-2-controles-nueva-sellada-_JM#polycard_client=search-nordic&position=42&search_layout=stack&type=item&tracking_id=374e920e-9396-4015-a196-6e3446bc593e;descuento no encontrado
playstation 4 Slim De 1 Tb + Juego Físico Fifa;$ 1.377.500;https://articulo.mercadolibre.com.co/MCO-1272704651-playstation-4-slim-de-1-tb-juego-fisico-fifa-_JM#polycard_client=search-nordic&position=43&search_layout=stack&type=item&tracking_id=374e920e-9396-4015-a196-6e3446bc593e;5% OFF
Ps4 Hw 1tb (cuh-2115b) Color Negro + 4 Juegos Físicos;$ 1.500.000;https://articulo.mercadolibre.com.co/MCO-2698933740-ps4-hw-1tb-cuh-2115b-color-negro-4-juegos-fisicos-_JM#polycard_client=search-nordic&position=44&search_layout=stack&type=item&tracking_id=374e920e-9396-4015-a196-6e3446bc593e;descuento no encontrado
Ps4 Slim 1 Control;$ 2.340.000;https://articulo.mercadolibre.com.co/MCO-1195503694-ps4-slim-1-control-cascos-gamer-red-dragon-_JM#polycard_client=search-nordic&position=45&search_layout=stack&type=item&tracking_id=374e920e-9396-4015-a196-6e3446bc593e;descuento no encontrado
Playstation 4 Slim 500gb R De Fabrica Caja Azul Offline;$ 915.990;https://articulo.mercadolibre.com.co/MCO-2651279946-playstation-4-slim-500gb-r-de-fabrica-caja-azul-offline-_JM#polycard_client=search-nordic&position=46&search_layout=stack&type=item&tracking_id=374e920e-9396-4015-a196-6e3446bc593e;descuento no encontrado
Playstation 4 + 2 Controles + 3 Juegos Físicos;$ 1.759.990;https://articulo.mercadolibre.com.co/MCO-2196165622-playstation-4-2-controles-3-juegos-fisicos-_JM#polycard_client=search-nordic&position=47&search_layout=stack&type=item&tracking_id=374e920e-9396-4015-a196-6e3446bc593e;descuento no encontrado
Consola Ps4 Slim 1tb + Juego Spiderman + Gorra Nueva.;$ 1.999.900;https://articulo.mercadolibre.com.co/MCO-448703517-consola-ps4-slim-1tb-juego-spiderman-gorra-nueva-_JM#polycard_client=search-nordic&position=48&search_layout=stack&type=item&tracking_id=374e920e-9396-4015-a196-6e3446bc593e;descuento no encontrado
Playstation 4 Slim 500gb R De Fabrica Caja Azul;$ 1.215.990;https://articulo.mercadolibre.com.co/MCO-2691860320-playstation-4-slim-500gb-r-de-fabrica-caja-azul-_JM#polycard_client=search-nordic&position=49&search_layout=stack&type=item&tracking_id=374e920e-9396-4015-a196-6e3446bc593e;descuento no encontrado
Sony Playstation 4 1tb + Playstation Plus;$ 1.280.000;https://articulo.mercadolibre.com.co/MCO-1464802373-sony-playstation-4-1tb-playstation-plus-_JM#polycard_client=search-nordic&position=50&search_layout=stack&type=item&tracking_id=374e920e-9396-4015-a196-6e3446bc593e;descuento no encontrado
Playstation 4 Slim 1tb + Grand Theft Auto V En Cd Original;$ 1.349.990;https://articulo.mercadolibre.com.co/MCO-1383180751-playstation-4-slim-1tb-grand-theft-auto-v-en-cd-original-_JM#polycard_client=search-nordic&position=51&search_layout=stack&type=item&tracking_id=374e920e-9396-4015-a196-6e3446bc593e;descuento no encontrado
Playstation 4 Fat 1 Tb + Playstation Plus;$ 1.180.000;https://articulo.mercadolibre.com.co/MCO-2630802480-playstation-4-fat-1-tb-playstation-plus-_JM#polycard_client=search-nordic&position=52&search_layout=stack&type=item&tracking_id=374e920e-9396-4015-a196-6e3446bc593e;descuento no encontrado
